
[
  {
    "id": 1,
    "title": "Apple",
    "price": 549,
    "discountPercentage": 10,
    "description": "Fresh apple",
    "category": "Fruits",
    "image": "https://i.ndtvimg.com/i/2016-02/apples_625x350_41456318703.jpg",
    "stock":5
  },
  {
    "id": 2,
    "title": "Banana",
    "price": 249,
    "discountPercentage": 5,
    "description": "Ripe banana",
    "category": "Fruits",
    "image": "https://static.vecteezy.com/system/resources/previews/030/844/710/large_2x/sweet-ripe-yellow-bananas-in-shopping-bag-on-table-white-background-healthy-tropical-food-photo.jpg",
    "stock":14
  },
  {
    "id": 3,
    "title": "Grapes",
    "price": 399,
    "discountPercentage": 15,
    "description": "Fresh grapes",
    "category": "Fruits",
    "image": "https://encrypted-tbn0.gstatic.com/images?q=tbn:ANd9GcStxSKQ1wf2QYTBoThG57n4kZNVJ1R2j3cp-Q&s",
    "stock":7
  },
  {
    "id": 4,
    "title": "notebook",
    "price": 15,
    "discountPercentage": 5,
    "description": "Ruled note book of 100 pages",
    "category": "Stationery",
    "image": "https://encrypted-tbn0.gstatic.com/images?q=tbn:ANd9GcQr2RLm_WFyCOZrpnWlE5UZ8I-7xa3tMXpUuA&s",
    "stock":40
  },
    {
       "id": 5,
        "title": "Pencil",
        "price": 5,
        "discountPercentage": 2,
        "description": "HB Graphite pencil",
        "category": "Stationery",
        "image": "https://encrypted-tbn0.gstatic.com/images?q=tbn:ANd9GcRgPAD6N-mz48429y-xZzyIo6gEDQeJPGk-nQ&s",
        "stock":40
    },
    {
       "id": 6,
        "title": "Milk",
        "price": 60,
        "discountPercentage": 8,
        "description": "1 litre full cream milk",
        "category": "Dairy",
        "image": "https://cdnasd.countrydelight.in/cdproductimg/new-website/Cow%20milk-450ml%20-PDP%20-1.jpg_1686642693772.jpg"
        ,"stock":10
    },
    {
       "id": 7,
        "title": "Cheese",
        "price": 120,
        "discountPercentage": 12,
        "description": "Mozzarella cheese 200g",
        "category": "Dairy",
        "image": "https://encrypted-tbn0.gstatic.com/images?q=tbn:ANd9GcQIrvVJQLgTUNNgTk1j8AL_Bu6BGBTZgqeyTA&s"
        ,"stock":14
    },
    {
       "id": 8,
        "title": "Broccoli",
        "price": 89,
        "discountPercentage": 10,
        "description": "Fresh organic broccoli",
        "category": "Vegetables",
        "image": "https://www.jiomart.com/images/product/original/590000100/broccoli-200-g-product-images-o590000100-p590000100-0-202412031720.jpg?im=Resize=(420,420)"
        ,"stock":24
    },
    {
       "id": 9,
        "title": "Carrot",
        "price": 45,
        "discountPercentage": 5,
        "description": "Crunchy carrots 1kg",
        "category": "Vegetables",
        "image": "https://media.istockphoto.com/id/1388403435/photo/fresh-carrots-isolated-on-white-background.jpg?s=612x612&w=0&k=20&c=XmrTb_nASc7d-4zVKUz0leeTT4fibDzWi_GpIun0Tlc="
        ,"stock":18
    },
    {
       "id": 10,
        "title": "Onion",
        "price": 30,
        "discountPercentage": 3,
        "description": "Red onions 1kg",
        "category": "Vegetables",
        "image": "https://media.istockphoto.com/id/499146870/photo/red-onions.jpg?s=612x612&w=0&k=20&c=OaZUynAtxIJyPaSgAsAGWwAbpTs_EfKF5zT_UvBDpbY="
        ,"stock":100
    }
]