{
    "education": [
      {
        "degree": "Bachelor of Technology in Information Technology",
        "institution": "Sree Vidyanikethan Engineering College",
        "duration": "2021 – 2025",
        "description": "Focused on software development, data structures, algorithms, and machine learning.",
        "grade": "9.47 CGPA"
      },
      {
        "degree": "Intermediate Education",
        "institution": "Sri Chaitanya Junior College",
        "duration": "2019 – 2021",
        "description": "Studied Physics, Chemistry, and Mathematics",
        "grade": "97.4%"
      },
      {
        "degree": "Secondary School Education",
        "institution": "St.Mary's High School",
        "duration": "2019",
        "description": "Focused on school curiculum.",
        "grade": "9.8 CGPA"
      }
    ],
    "certifications": [
      {
        "title": "Introduction to Data Science",
        "issuer": "Cisco",
        "issueDate": "March 2024",
        "certificateId": "ID-12345",
        "logoUrl": "/assets/images/cisco.jpeg",
        "credentialUrl": "https://www.credly.com/badges/e1e3da00-f5d8-44c0-9f42-0cbbf363c849/linked_in?t=sash9c"
      },
      {
        "title": "AWS Academy Data Engineering",
        "issuer": "Amazon Web Services",
        "issueDate": "January 2024",
        "certificateId": "AWS-98765",
        "logoUrl": "assets/images/aws.png",
        "credentialUrl": "https://example.com/certificate/AWS-98765"
      },
      {
        "title": "Programming for Everyone(Getting started with Python)",
        "issuer": "Coursera",
        "issueDate": "January 2024",
        "certificateId": "AWS-98765",
        "logoUrl": "assets/images/Coursera_logo.png",
        "credentialUrl": "https://coursera.org/share/96859093080cdd83afa0d361e03c7cf5"
      },
      {
        "title": "Python Data Structures",
        "issuer": "Coursera",
        "issueDate": "January 2023",
        "certificateId": "AWS-98765",
        "logoUrl": "assets/images/Coursera_logo.png",
        "credentialUrl": "https://example.com/certificate/AWS-98765"
      },
      {
        "title": "Pearson MePRo Level 10 Expert",
        "issuer": "Pearson",
        "issueDate": "December 2023",
        "certificateId": "AWS-98765",
        "logoUrl": "/assets/images/mepro.jpeg",
        "credentialUrl": "https://www.credly.com/badges/8a733d78-6e4e-4bf5-8226-b7529818261d/linked_in?t=sashha"
      }
    ],
    "projects": [
      {
        "name": "Pizzeria Order App",
        "description": "An online pizza ordering system with customizable ingredients and real-time cart updates.",
        "techStack": ["Angular", "Node.js", "MongoDB", "Express"],
        "githubLink": "https://github.com/username/pizzeria-app",
        "liveDemo": "https://pizzeria-demo.netlify.app",
        "screenshot": "assets/images/pizzeria.jpg"
      },
      {
        "name": "Tourism website",
        "description": "An tourism website using web development technologies.",
        "techStack": ["HTML", "CSS", "Bootstrap", "Javascript"],
        "githubLink": "https://github.com/username/feedback-portal",
        "screenshot": "assets/images/tourism1.png"
      },
      {
        "name": "Indian population analysis of few decades",
        "description": "The Indian population over decades, extracting insights from large datasets.",
        "techStack": ["Python","Pandas","Numpy","Matplotlib","seaborn"],
        "githubLink": "https://github.com/username/feedback-portal",
        "screenshot": "assets/images/population.png"
      }
    ]
  }